class,defect_density,defect_radial_mean,defect_radial_std,defect_spread,defect_row_concentration,defect_col_concentration,wafer_area,aspect_ratio
none,0.1043,0.5319,0.1834,12.9994,0.0807,0.0813,950.3075,0.9909
Center,0.2314,0.4494,0.2192,11.0208,0.0816,0.0806,935.7075,1.0442
Donut,0.2768,0.4217,0.1675,12.6792,0.0634,0.0621,1377.5009,1.0078
Edge-Loc,0.1843,0.5568,0.1681,14.2302,0.0728,0.0723,1153.8715,0.9827
Edge-Ring,0.1513,0.6165,0.1503,23.6327,0.0491,0.0475,2610.982,1.002
Loc,0.1485,0.5029,0.1705,13.3727,0.0916,0.0948,1321.8905,0.9765
Random,0.4806,0.4853,0.1774,13.2458,0.0494,0.0494,1191.276,1.0386
Scratch,0.1006,0.5256,0.1784,17.2306,0.0814,0.0811,2010.43,0.9931
Near-full,0.8769,0.4789,0.172,11.0702,0.045,0.0466,821.4564,0.9791
